phc_id,medicine_name,current_stock,daily_patient_footfall_history
PHC001,Paracetamol 500mg,120,"45,52,60,58,70,85,92"
PHC001,ORS Sachets,1550,"46,55,63,55,68,90,85"
PHC001,Amoxicillin 500mg,1673,"47,52,58,56,67,84,92"
PHC001,Metformin 500mg,1136,"45,56,63,59,75,81,87"
PHC001,Oxytocin Inj,249,"42,48,60,58,75,87,92"
PHC001,Anti-Rabies Vaccine,133,"45,50,55,55,72,81,90"
PHC002,Paracetamol 500mg,1506,"80,84,79,88,85,90,87"
PHC002,ORS Sachets,3577,"84,79,76,93,85,95,89"
PHC002,Amoxicillin 500mg,812,"83,79,80,88,90,88,88"
PHC002,Metformin 500mg,194,"79,82,75,92,83,97,88"
PHC002,Oxytocin Inj,113,"81,86,81,83,84,86,86"
PHC002,Anti-Rabies Vaccine,119,"75,90,75,90,82,95,89"
PHC003,Paracetamol 500mg,1072,"30,34,33,38,41,45,49"
PHC003,ORS Sachets,56,"32,36,35,38,39,43,52"
PHC003,Amoxicillin 500mg,558,"30,32,35,39,41,44,48"
PHC003,Metformin 500mg,382,"28,36,33,38,40,47,45"
PHC003,Oxytocin Inj,108,"29,31,31,41,42,44,49"
PHC003,Anti-Rabies Vaccine,92,"29,34,34,37,41,47,52"
PHC004,Paracetamol 500mg,227,"38,36,40,39,42,41,44"
PHC004,ORS Sachets,817,"36,38,37,41,44,39,43"
PHC004,Amoxicillin 500mg,1271,"35,37,42,39,44,39,42"
PHC004,Metformin 500mg,474,"37,34,39,42,42,40,42"
PHC004,Oxytocin Inj,98,"41,36,43,39,42,44,46"
PHC004,Anti-Rabies Vaccine,57,"38,38,39,42,39,41,44"
PHC005,Paracetamol 500mg,2562,"50,48,52,55,51,53,54"
PHC005,ORS Sachets,1624,"54,46,55,57,53,54,58"
PHC005,Amoxicillin 500mg,773,"49,47,50,51,49,57,57"
PHC005,Metformin 500mg,346,"51,48,53,56,49,57,54"
PHC005,Oxytocin Inj,142,"51,49,49,51,50,55,57"
PHC005,Anti-Rabies Vaccine,77,"47,51,55,58,51,57,50"
PHC006,Paracetamol 500mg,909,"22,25,24,30,33,36,40"
PHC006,ORS Sachets,183,"20,24,23,29,33,33,41"
PHC006,Amoxicillin 500mg,427,"21,26,22,29,35,36,42"
PHC006,Metformin 500mg,558,"23,25,23,30,31,38,43"
PHC006,Oxytocin Inj,122,"20,24,23,28,34,38,39"
PHC006,Anti-Rabies Vaccine,54,"23,26,23,31,35,34,40"
PHC007,Paracetamol 500mg,2048,"35,40,42,47,50,58,63"
PHC007,ORS Sachets,821,"36,37,43,48,53,61,61"
PHC007,Amoxicillin 500mg,76,"37,43,40,43,51,55,64"
PHC007,Metformin 500mg,710,"37,39,40,47,51,54,62"
PHC007,Oxytocin Inj,165,"33,41,44,46,49,58,60"
PHC007,Anti-Rabies Vaccine,72,"34,40,39,49,51,56,59"
PHC008,Paracetamol 500mg,1304,"60,62,58,65,63,66,64"
PHC008,ORS Sachets,1186,"56,58,55,61,67,64,62"
PHC008,Amoxicillin 500mg,1733,"63,63,55,64,67,65,66"
PHC008,Metformin 500mg,446,"56,64,61,68,65,65,60"
PHC008,Oxytocin Inj,132,"62,59,56,65,66,70,60"
PHC008,Anti-Rabies Vaccine,66,"57,65,59,67,68,71,68"
PHC009,Paracetamol 500mg,1066,"18,20,19,24,26,27,31"
PHC009,ORS Sachets,424,"18,20,18,25,27,28,31"
PHC009,Amoxicillin 500mg,98,"18,19,20,24,26,27,32"
PHC009,Metformin 500mg,302,"18,21,20,24,24,28,33"
PHC009,Oxytocin Inj,52,"17,21,20,26,24,25,33"
PHC009,Anti-Rabies Vaccine,33,"17,20,19,25,25,29,30"
PHC010,Paracetamol 500mg,2229,"70,72,75,71,74,76,73"
PHC010,ORS Sachets,1349,"65,72,69,69,72,79,72"
PHC010,Amoxicillin 500mg,2207,"65,78,80,76,71,75,70"
PHC010,Metformin 500mg,882,"66,67,75,67,70,80,73"
PHC010,Oxytocin Inj,112,"72,69,75,69,74,78,73"
PHC010,Anti-Rabies Vaccine,118,"69,75,79,67,70,71,79"
PHC011,Paracetamol 500mg,1555,"44,43,46,45,47,46,48"
PHC011,ORS Sachets,822,"42,46,44,45,47,49,44"
PHC011,Amoxicillin 500mg,1255,"45,40,44,45,50,48,51"
PHC011,Metformin 500mg,338,"46,44,49,46,49,45,45"
PHC011,Oxytocin Inj,77,"46,41,49,46,46,49,45"
PHC011,Anti-Rabies Vaccine,64,"41,46,47,47,45,48,50"
PHC012,Paracetamol 500mg,1090,"28,30,31,29,33,34,35"
PHC012,ORS Sachets,607,"30,30,31,30,35,33,36"
PHC012,Amoxicillin 500mg,563,"27,30,32,27,34,31,38"
PHC012,Metformin 500mg,305,"28,31,31,30,31,34,35"
PHC012,Oxytocin Inj,17,"30,28,31,30,33,32,36"
PHC012,Anti-Rabies Vaccine,35,"27,29,33,28,33,35,36"